Date,Open,High,Low,Close,Volume,Dividends,Stock Splits
2024-01-29 00:00:00+05:30,410.4091679616553,411.62445333286826,402.8473289174317,404.9178161621094,18557346,0.0,0.0
2024-01-30 00:00:00+05:30,402.3971972082923,408.42863094204745,393.75510841111077,394.3402404785156,45190319,0.0,0.0
2024-01-31 00:00:00+05:30,396.09568649125384,398.3462296781842,394.92539376306877,397.49102783203125,20648695,0.0,0.0
2024-02-01 00:00:00+05:30,397.89611814582366,403.0723501713392,395.46551903791453,398.706298828125,19903526,0.0,0.0
2024-02-02 00:00:00+05:30,400.5967720892722,402.5772455250547,395.64558849981586,396.1856994628906,17816750,0.0,0.0
2024-02-05 00:00:00+05:30,397.89611107625,399.3814660761637,392.9899203450033,394.3402404785156,12505666,0.0,0.0
2024-02-06 00:00:00+05:30,396.09568709314567,396.9058678058098,386.6433885753726,388.35382080078125,19487043,0.0,0.0
2024-02-07 00:00:00+05:30,391.59456333742565,391.59456333742565,387.8136442911793,388.7138671875,13376903,0.0,0.0
2024-02-08 00:00:00+05:30,392.08703057366546,392.17841802252724,373.4423399489455,378.88037109375,50039587,6.25,0.0
2024-02-09 00:00:00+05:30,374.81326995012324,387.7000589587421,373.4423423447581,379.7486267089844,33527317,0.0,0.0
2024-02-12 00:00:00+05:30,381.62222138780527,382.0335083512696,371.1117379944829,371.8428955078125,11326971,0.0,0.0
2024-02-13 00:00:00+05:30,371.88862153996564,375.4530507956858,368.5983836063643,371.75152587890625,16207766,0.0,0.0
2024-02-14 00:00:00+05:30,371.0660969640242,376.7783199362087,369.60375282087,376.1385498046875,12618012,0.0,0.0
2024-02-15 00:00:00+05:30,377.46374115666544,378.8803769826403,368.4612807413084,369.1467590332031,21169031,0.0,0.0
2024-02-16 00:00:00+05:30,370.15210830847485,374.31059937497434,365.0339476322224,369.7865295410156,38963810,0.0,0.0
2024-02-19 00:00:00+05:30,370.1521077273739,377.23525788833905,369.78652896048857,374.0364074707031,17602580,0.0,0.0
2024-02-20 00:00:00+05:30,375.13315616944266,375.13315616944266,369.5123213242641,371.1574401855469,14626643,0.0,0.0
2024-02-21 00:00:00+05:30,371.98002129088223,374.8132930919039,366.7704728961171,368.64410400390625,20162369,0.0,0.0
2024-02-22 00:00:00+05:30,371.88862598407167,379.4287715687956,368.73548367384933,378.78900146484375,19321180,0.0,0.0
2024-02-23 00:00:00+05:30,380.1142172699116,380.1142172699116,375.1788603578767,376.0014343261719,11576964,0.0,0.0
2024-02-26 00:00:00+05:30,375.7272290145601,377.5094435802666,372.254187332029,373.99072265625,8289561,0.0,0.0
2024-02-27 00:00:00+05:30,374.7218905950383,377.2352627534842,373.396642202815,375.7729187011719,8083518,0.0,0.0
2024-02-28 00:00:00+05:30,375.77291141482976,376.86967667427535,371.7972242470729,373.16815185546875,8949664,0.0,0.0
2024-02-29 00:00:00+05:30,373.8079027018121,375.68150463575023,369.6950911223243,371.3402099609375,15468800,0.0,0.0
2024-03-01 00:00:00+05:30,373.71656938068935,377.6008694614897,372.43702910246753,374.2649230957031,12873024,0.0,0.0
2024-03-04 00:00:00+05:30,376.7783024509622,377.41807255279343,373.30526061731956,373.8993225097656,7103794,0.0,0.0
2024-03-05 00:00:00+05:30,374.4019753243948,376.00141496954745,369.1924273577834,371.203125,10108373,0.0,0.0
2024-03-06 00:00:00+05:30,371.5230649154743,374.67620737600237,366.22212892485004,372.75689697265625,11534613,0.0,0.0
2024-03-07 00:00:00+05:30,372.7568823355202,379.2459708827159,368.91826167956003,377.9664306640625,23907135,0.0,0.0
2024-03-11 00:00:00+05:30,380.93680290963096,382.3077305995477,372.89398271438637,374.17352294921875,18298683,0.0,0.0
2024-03-12 00:00:00+05:30,371.52301600748615,371.52301600748615,364.9882198540191,369.6494140625,36226074,0.0,0.0
2024-03-13 00:00:00+05:30,397.570769566704,400.312624757367,384.9124927232159,386.1006164550781,105525827,0.0,0.0
2024-03-14 00:00:00+05:30,385.6436791824383,388.88820903370987,382.03354157679445,383.54156494140625,31949569,0.0,0.0
2024-03-15 00:00:00+05:30,381.3023729581571,391.67576129877517,379.5201583123318,383.03887939453125,76074975,0.0,0.0
2024-03-18 00:00:00+05:30,382.94748912903253,384.5012206480152,381.028178834862,381.5308532714844,16547358,0.0,0.0
2024-03-19 00:00:00+05:30,382.0335283428739,383.4501642027759,373.5337421493741,374.31060791015625,21803126,0.0,0.0
2024-03-20 00:00:00+05:30,374.72190907693994,380.79971076564425,374.3106220763875,379.93145751953125,20364534,0.0,0.0
2024-03-21 00:00:00+05:30,382.94746988018204,385.6893250392281,380.3883896165868,385.0038757324219,19968509,0.0,0.0
2024-03-22 00:00:00+05:30,385.00389452753257,392.68110672719376,385.00389452753257,391.7214660644531,40358503,0.0,0.0
2024-03-26 00:00:00+05:30,388.93390016963383,392.26984629600133,388.93390016963383,390.85321044921875,10669833,0.0,0.0
2024-03-27 00:00:00+05:30,390.25910380854657,391.9956391146203,389.756429396083,391.1730651855469,12698464,0.0,0.0
2024-03-28 00:00:00+05:30,391.1730814271391,395.9713426482272,390.2591200121909,391.49298095703125,29009002,0.0,0.0
2024-04-01 00:00:00+05:30,392.17842745488764,394.23483338215703,389.11667266822633,389.9849548339844,9743648,0.0,0.0
2024-04-02 00:00:00+05:30,391.8128283117568,391.8128283117568,388.06562438812233,389.20806884765625,9194659,0.0,0.0
2024-04-03 00:00:00+05:30,389.34520020712586,391.90428066572207,384.7754219498934,388.614013671875,13152268,0.0,0.0
2024-04-04 00:00:00+05:30,388.9338972480882,390.5790161945303,383.7700572984611,386.37481689453125,19065447,0.0,0.0
2024-04-05 00:00:00+05:30,386.1463241399223,394.55472252991405,383.81572695487466,390.7618103027344,16768902,0.0,0.0
2024-04-08 00:00:00+05:30,391.447278722544,394.28055046235164,390.94460428153735,392.1784362792969,8844633,0.0,0.0
2024-04-09 00:00:00+05:30,393.412271990678,394.3719126015798,388.9338815526786,389.6650390625,6967273,0.0,0.0
2024-04-10 00:00:00+05:30,391.447302504067,400.12989315721376,389.1167050636757,399.35302734375,14547618,0.0,0.0
2024-04-12 00:00:00+05:30,397.570767195204,398.25624547173635,391.44725781121747,393.0923767089844,18785009,0.0,0.0
2024-04-15 00:00:00+05:30,391.1730638575208,392.22412088579836,386.5118985063276,389.2537536621094,9083087,0.0,0.0
2024-04-16 00:00:00+05:30,386.831769055941,390.2591024836234,386.7860898150879,389.2537536621094,10357752,0.0,0.0
2024-04-18 00:00:00+05:30,389.34519094310184,390.16773594755756,381.71365795919775,382.8103942871094,22133191,0.0,0.0
2024-04-19 00:00:00+05:30,382.03354071225175,389.5736864841606,380.205646774092,388.2027587890625,17221280,0.0,0.0
2024-04-22 00:00:00+05:30,390.2591469862357,390.80752966629024,386.9232295916741,388.7054443359375,7386048,0.0,0.0
2024-04-23 00:00:00+05:30,388.7054072770841,393.4579601647396,388.522603412523,392.26983642578125,12484384,0.0,0.0
2024-04-24 00:00:00+05:30,392.31553707695537,393.73217296540156,391.4472838462077,391.99566650390625,6070285,0.0,0.0
2024-04-25 00:00:00+05:30,393.9149534166353,400.5868165029518,392.08703064360867,399.9013671875,30337038,0.0,0.0
2024-04-26 00:00:00+05:30,401.4550856562055,405.1566105910282,398.850326015204,402.14056396484375,15342965,0.0,0.0
2024-04-29 00:00:00+05:30,403.96849476986824,404.3797527972421,397.20521486639313,400.4954528808594,12075706,0.0,0.0
2024-04-30 00:00:00+05:30,402.09483326873476,402.5975076783204,397.66215102986746,398.1648254394531,12528665,0.0,0.0
2024-05-02 00:00:00+05:30,398.48473777993564,404.51683088911363,397.4336807202778,401.2265930175781,24123523,0.0,0.0
2024-05-03 00:00:00+05:30,402.1862629337069,402.1862629337069,394.23483059983744,398.89599609375,23786388,0.0,0.0
2024-05-06 00:00:00+05:30,400.31265418776957,402.551864091815,396.06277543320584,397.3423156738281,10753860,0.0,0.0
2024-05-07 00:00:00+05:30,399.30727653728593,407.62428750266935,397.7535450760951,402.4604187011719,26969062,0.0,0.0
2024-05-08 00:00:00+05:30,403.2830180317506,406.43616039417304,400.49545445393676,403.0545349121094,10916481,0.0,0.0
2024-05-09 00:00:00+05:30,402.18626860635175,403.5114880367474,386.92320277397204,388.5226135253906,24314298,0.0,0.0
2024-05-10 00:00:00+05:30,389.8021090631786,398.80456858738904,389.8021090631786,396.0627136230469,14524604,0.0,0.0
2024-05-13 00:00:00+05:30,395.97131410812665,397.9820406624518,392.5439807735339,394.6918029785156,7584217,0.0,0.0
2024-05-14 00:00:00+05:30,393.4579641744985,396.0170445089671,391.67574958198725,392.726806640625,11423749,0.0,0.0
2024-05-15 00:00:00+05:30,393.68644240363693,395.97133139310563,390.0306258136693,390.99029541015625,7856433,0.0,0.0
2024-05-16 00:00:00+05:30,393.0010134485123,395.37729001022427,386.5119249062993,394.32623291015625,23911954,0.0,0.0
2024-05-17 00:00:00+05:30,395.19451234969523,399.8556779867922,391.9956618278003,398.7589416503906,11894830,0.0,0.0
2024-05-21 00:00:00+05:30,398.484735231475,399.49008407657504,395.9256549108889,397.3879699707031,11175153,0.0,0.0
2024-05-22 00:00:00+05:30,399.71856660848556,403.9227658482658,397.93635202820826,402.0491638183594,11036895,0.0,0.0
2024-05-23 00:00:00+05:30,403.42009785693614,406.6189483040531,398.9874154394711,403.3743896484375,27244733,0.0,0.0
2024-05-24 00:00:00+05:30,403.05451410700533,404.3797335120663,397.84496600489564,398.6675109863281,13252938,0.0,0.0
2024-05-27 00:00:00+05:30,401.04380974465363,401.1351971930909,393.64076020528995,394.3719177246094,12282545,0.0,0.0
2024-05-28 00:00:00+05:30,394.9203385189983,395.2859173139939,391.40158830607794,392.0870666503906,9668761,0.0,0.0
2024-05-29 00:00:00+05:30,388.88819753870166,395.19451110947864,388.88819753870166,393.8692626953125,10832067,0.0,0.0
2024-05-30 00:00:00+05:30,391.63006488826727,393.86924566680193,386.009229872296,387.3801574707031,21314885,0.0,0.0
2024-05-31 00:00:00+05:30,390.03063052557883,392.5897108592454,387.7457415085067,389.7564392089844,29300711,0.0,0.0
2024-06-03 00:00:00+05:30,396.6568386124209,397.4794126122737,391.7671897218955,393.3208923339844,16116836,0.0,0.0
2024-06-04 00:00:00+05:30,396.52177031965385,396.80101565647095,374.97368265988365,386.4690856933594,47791986,7.5,0.0
2024-06-05 00:00:00+05:30,392.7985512208221,405.82980402897,389.12189949981456,400.52423095703125,28197030,0.0,0.0
2024-06-06 00:00:00+05:30,405.829791944629,407.41213302436523,401.2688535975877,405.27130126953125,32318523,0.0,0.0
2024-06-07 00:00:00+05:30,401.5481002254475,411.0888154566866,401.26885488700134,408.7618103027344,29543660,0.0,0.0
2024-06-10 00:00:00+05:30,409.5530068967988,410.48381488403055,405.6901817746213,406.6675109863281,11872688,0.0,0.0
2024-06-11 00:00:00+05:30,406.7606160148987,407.50525061130764,402.33930016150435,403.0373840332031,13158571,0.0,0.0
2024-06-12 00:00:00+05:30,400.7569418231023,404.34052174068876,400.43114573978,402.3858337402344,10751658,0.0,0.0
2024-06-13 00:00:00+05:30,406.66751056673644,406.66751056673644,400.0122909895558,400.52423095703125,9641349,0.0,0.0
2024-06-14 00:00:00+05:30,401.17580700990004,402.01351357567347,399.36074170092695,401.3154296875,9572809,0.0,0.0
2024-06-18 00:00:00+05:30,403.03737898986196,404.1543603703237,398.5695419674905,399.08148193359375,14641141,0.0,0.0
2024-06-19 00:00:00+05:30,400.24496579903524,400.94304962931466,393.77589043943306,394.3343811035156,11329972,0.0,0.0
2024-06-20 00:00:00+05:30,394.70671932417883,396.98717382381864,392.33316337570244,394.00860595703125,15147549,0.0,0.0
2024-06-21 00:00:00+05:30,395.59096381210924,395.87020914994883,389.58727754803,390.56463623046875,26176371,0.0,0.0
2024-06-24 00:00:00+05:30,390.9369661412327,394.61361787534224,390.9369661412327,394.00860595703125,9723008,0.0,0.0
2024-06-25 00:00:00+05:30,393.72936061017225,394.66016859976054,390.7042715187919,394.00860595703125,10655609,0.0,0.0
2024-06-26 00:00:00+05:30,393.72935968027775,396.89410093743857,392.8451024171962,394.6136169433594,11511714,0.0,0.0
2024-06-27 00:00:00+05:30,394.6135952603717,397.6852643999609,391.96082361688974,396.1494445800781,38438054,0.0,0.0
2024-06-28 00:00:00+05:30,396.05635546638285,398.38336062952527,394.19476903576367,395.4978942871094,18554411,0.0,0.0
2024-07-01 00:00:00+05:30,396.8010483258212,400.47770023042045,395.2651988468778,399.3607482910156,13391362,0.0,0.0
2024-07-02 00:00:00+05:30,400.2449871714336,400.84999908994706,393.3104927215312,396.0563659667969,11177863,0.0,0.0
2024-07-03 00:00:00+05:30,396.6148682361784,399.919202771963,396.05637752597346,398.6626281738281,7435499,0.0,0.0
2024-07-04 00:00:00+05:30,400.24500559718945,401.64120289640215,397.4991322255142,399.3607482910156,9478861,0.0,0.0
2024-07-05 00:00:00+05:30,399.31418163243075,403.96819211066986,398.0110563385377,403.6424255371094,13427543,0.0,0.0
2024-07-08 00:00:00+05:30,405.0386270748445,413.78815742675266,403.64242981653535,412.9039001464844,21311436,0.0,0.0
2024-07-09 00:00:00+05:30,416.6271172393411,423.5150613210053,413.2762319022778,421.2811279296875,27489709,0.0,0.0
2024-07-10 00:00:00+05:30,422.30497440394987,423.84082376971406,415.6032042617314,420.210693359375,12065662,0.0,0.0
2024-07-11 00:00:00+05:30,418.86102924280897,427.70366090287615,417.6509759051689,426.9124755859375,19556596,0.0,0.0
2024-07-12 00:00:00+05:30,426.912503236289,431.19419667007304,424.3062524940008,427.2848205566406,19693114,0.0,0.0
2024-07-15 00:00:00+05:30,427.2847724121332,434.1727158121033,425.5627791871847,431.3337707519531,16876907,0.0,0.0
2024-07-16 00:00:00+05:30,431.3803035660824,434.4519728201184,429.47216640057155,433.3349914550781,13497253,0.0,0.0
2024-07-18 00:00:00+05:30,430.9614860880629,438.31481926756675,430.63569000741666,437.70977783203125,21907158,0.0,0.0
2024-07-19 00:00:00+05:30,438.40785446446665,446.2266057465609,436.9185558631909,441.7121887207031,25939326,0.0,0.0
2024-07-22 00:00:00+05:30,441.75876374646487,446.27315152086356,433.614245462781,434.26580810546875,18762384,0.0,0.0
2024-07-23 00:00:00+05:30,434.26580514596367,462.9810529532946,434.12618247349457,458.140869140625,56125835,0.0,0.0
2024-07-24 00:00:00+05:30,461.67791921290376,475.3141836420076,456.69814231888404,459.86285400390625,43693692,0.0,0.0
2024-07-25 00:00:00+05:30,456.09309104663214,461.6779092226846,451.11331426036946,456.04656982421875,18567567,0.0,0.0
2024-07-26 00:00:00+05:30,459.86288665413383,471.35829062734945,453.6730560146967,467.4489440917969,21534703,0.0,0.0
2024-07-29 00:00:00+05:30,470.5205683407357,471.1721309915476,459.8628713024175,461.7244873046875,12978187,0.0,0.0
2024-07-30 00:00:00+05:30,461.9571661211897,463.3533633251995,454.8365279309325,456.0000305175781,13891052,0.0,0.0
2024-07-31 00:00:00+05:30,458.373614385957,463.49301427967293,456.55854906003475,461.07293701171875,11982586,0.0,0.0
2024-08-01 00:00:00+05:30,461.6313905239546,462.3760546322901,456.97737997103144,459.537109375,12114803,0.0,0.0
2024-08-02 00:00:00+05:30,451.25298409269624,464.88922015217565,451.25298409269624,455.25543212890625,22141163,0.0,0.0
2024-08-05 00:00:00+05:30,446.83163592942134,457.86164997554926,446.36621719129073,452.3699035644531,25022076,0.0,0.0
2024-08-06 00:00:00+05:30,452.6026191959533,457.6754978281909,450.55485925262013,452.649169921875,14251363,0.0,0.0
2024-08-07 00:00:00+05:30,456.0930950965633,461.3055960404738,454.32458063337543,458.5597229003906,11320399,0.0,0.0
2024-08-08 00:00:00+05:30,459.8163204658485,463.5395227307948,458.42009380414777,460.514404296875,21349889,0.0,0.0
2024-08-09 00:00:00+05:30,463.5395573573386,463.5395573573386,458.9786187546684,461.5848693847656,9556181,0.0,0.0
2024-08-12 00:00:00+05:30,457.95473966191645,465.4011447621894,457.95473966191645,460.37481689453125,9425644,0.0,0.0
2024-08-13 00:00:00+05:30,461.6313768042684,463.39992082169977,454.4642172856773,456.0931091308594,8056478,0.0,0.0
2024-08-14 00:00:00+05:30,457.9081745197849,464.47035162635643,456.0000373291409,458.140869140625,9609981,0.0,0.0
2024-08-16 00:00:00+05:30,460.2817396441816,469.31051531176115,458.55974631588987,467.8677673339844,13643352,0.0,0.0
2024-08-19 00:00:00+05:30,469.82246388684206,474.057606447632,465.0288306148003,466.7508239746094,10591508,0.0,0.0
2024-08-20 00:00:00+05:30,466.3319395570424,468.56587282373647,463.2602997527288,464.2841796875,6888634,0.0,0.0
2024-08-21 00:00:00+05:30,465.40113299398797,473.77837539474945,464.5168757294204,470.427490234375,8801221,0.0,0.0
2024-08-22 00:00:00+05:30,472.7079312298726,473.3129431304896,466.7507956705184,469.63629150390625,8686423,0.0,0.0
2024-08-23 00:00:00+05:30,470.10172179736895,471.8702364304628,465.35463912442765,470.7998352050781,8195369,0.0,0.0
2024-08-26 00:00:00+05:30,470.9859714327483,472.8475874897276,467.26276881861634,470.70672607421875,8126402,0.0,0.0
2024-08-27 00:00:00+05:30,472.42870096422115,472.47525168876325,465.40113454893714,465.9596252441406,8260450,0.0,0.0
2024-08-28 00:00:00+05:30,465.77346700783545,467.54201110027503,462.1433658703206,462.88800048828125,8081932,0.0,0.0
2024-08-29 00:00:00+05:30,463.5395558890962,472.56833161488777,462.9345144591377,470.14825439453125,19389694,0.0,0.0
2024-08-30 00:00:00+05:30,467.21619895900704,473.91799878978713,465.58730710072587,467.169677734375,15523349,0.0,0.0
2024-09-02 00:00:00+05:30,469.12436710280446,477.40850809281204,468.47280445752887,474.7557067871094,16497266,0.0,0.0
2024-09-03 00:00:00+05:30,474.7556771661306,480.2474233336446,472.75446813038855,474.1506652832031,12481552,0.0,0.0
2024-09-04 00:00:00+05:30,465.40115282136196,474.75572483416937,465.3546315948188,471.311767578125,8739052,0.0,0.0
2024-09-05 00:00:00+05:30,473.1733400299588,476.47770400804217,471.9633161786824,475.8261413574219,11318636,0.0,0.0
2024-09-06 00:00:00+05:30,476.57078709097436,476.57078709097436,462.74837792975984,466.9835205078125,14245025,0.0,0.0
2024-09-09 00:00:00+05:30,467.26274749161126,477.17578026799583,465.72692758962387,476.33807373046875,14265060,0.0,0.0
2024-09-10 00:00:00+05:30,476.477687995446,479.3631543513727,473.54564141627685,478.06005859375,11332248,0.0,0.0
2024-09-11 00:00:00+05:30,477.50157364424496,483.5517812694099,476.5242149395142,478.7581481933594,15497555,0.0,0.0
2024-09-12 00:00:00+05:30,479.4562685547481,484.4825963244237,473.3595101165837,483.5517883300781,19085324,0.0,0.0
2024-09-13 00:00:00+05:30,483.55177740140044,484.0171666381423,476.57076185132354,478.2927551269531,9165077,0.0,0.0
2024-09-16 00:00:00+05:30,480.20089978594154,481.2247797226006,474.4299374611518,475.7330627441406,7821668,0.0,0.0
2024-09-17 00:00:00+05:30,475.68650794774527,478.0135131474731,471.21864144436574,472.6148681640625,10889862,0.0,0.0
2024-09-18 00:00:00+05:30,472.7079419349947,476.94308433487333,470.1482421053882,472.2425231933594,5638729,0.0,0.0
2024-09-19 00:00:00+05:30,474.7091530835231,479.1770196230398,472.38214786497383,473.08026123046875,14461616,0.0,0.0
2024-09-20 00:00:00+05:30,476.5707542994241,481.5505606528095,472.8475519650138,478.8046875,24725118,0.0,0.0
2024-09-23 00:00:00+05:30,479.7820558718561,483.50525851039043,478.0600919826822,481.1782531738281,8105508,0.0,0.0
2024-09-24 00:00:00+05:30,481.22477807872787,481.96941266651345,478.57200629730727,479.59588623046875,7015487,0.0,0.0
2024-09-25 00:00:00+05:30,479.8285876329136,483.3656462246209,476.85001973985106,481.7367248535156,8802667,0.0,0.0
2024-09-26 00:00:00+05:30,481.82979240141503,487.50771228617066,481.2247804832943,486.576904296875,16086557,0.0,0.0
2024-09-27 00:00:00+05:30,484.2498800632578,491.92897929887965,484.2498800632578,486.53033447265625,17916386,0.0,0.0
2024-09-30 00:00:00+05:30,484.5756816249072,488.06618957500433,478.47892301876533,482.29522705078125,10936940,0.0,0.0
2024-10-01 00:00:00+05:30,482.2952288952036,483.78449813302376,478.4324036223028,480.48016357421875,5285319,0.0,0.0
2024-10-03 00:00:00+05:30,473.3595144685611,480.0147341646593,472.94064644228075,477.2688903808594,16481353,0.0,0.0
2024-10-04 00:00:00+05:30,474.70916243329543,481.5505850504167,466.8438893596582,468.70550537109375,18930962,0.0,0.0
2024-10-07 00:00:00+05:30,471.9167568584212,479.31664050572476,471.68406223740055,474.89532470703125,17114457,0.0,0.0
2024-10-08 00:00:00+05:30,474.70916262824323,477.08271861882434,470.9859601036691,472.801025390625,9868331,0.0,0.0
2024-10-09 00:00:00+05:30,474.52300307966124,474.52300307966124,456.6050454275096,457.67547607421875,24874940,0.0,0.0
2024-10-10 00:00:00+05:30,461.07292157165,461.35216692010636,455.58117505154325,458.00128173828125,13292273,0.0,0.0
2024-10-11 00:00:00+05:30,458.88553006277044,459.76978731576037,453.6730289927351,454.41766357421875,14949380,0.0,0.0
2024-10-14 00:00:00+05:30,457.0239270306357,464.4703615554793,454.83654444829324,462.56219482421875,6970606,0.0,0.0
2024-10-15 00:00:00+05:30,463.5395431890202,464.84266846423816,460.2817300009753,464.0514831542969,8347216,0.0,0.0
2024-10-16 00:00:00+05:30,461.67793639321064,464.3307377203826,458.28050046536174,459.0716857910156,6939430,0.0,0.0
2024-10-17 00:00:00+05:30,460.7471349200635,460.7471349200635,454.2315378220923,455.0692443847656,7669729,0.0,0.0
2024-10-18 00:00:00+05:30,454.92962162837006,457.5358722670346,445.295833910263,453.021484375,22616838,0.0,0.0
2024-10-21 00:00:00+05:30,453.0214708169555,453.85920685423713,444.3184618732703,450.1825256347656,7680088,0.0,0.0
2024-10-22 00:00:00+05:30,450.1825341028487,454.6038499942979,447.52973276804886,448.4605407714844,12772970,0.0,0.0
2024-10-23 00:00:00+05:30,447.7159128151993,449.85674470503926,446.3197155392319,447.11090087890625,10553961,0.0,0.0
2024-10-24 00:00:00+05:30,448.6466834538993,449.0190007298163,437.4770471770943,439.0594177246094,13596626,0.0,0.0
2024-10-25 00:00:00+05:30,442.8756969116362,459.3509061803578,441.38642779120835,448.9259338378906,32154050,0.0,0.0
2024-10-28 00:00:00+05:30,448.6001588146549,452.27684006531985,443.0618910761679,450.6479187011719,8946214,0.0,0.0
2024-10-29 00:00:00+05:30,451.4390938460629,455.34846963211504,447.9951367963455,454.1849670410156,7131161,0.0,0.0
2024-10-30 00:00:00+05:30,454.184973007894,459.11822877893854,452.83529700456427,457.5358581542969,6640080,0.0,0.0
2024-10-31 00:00:00+05:30,457.9547336726039,458.8855416729211,451.1598618201317,454.9761657714844,8111694,0.0,0.0
2024-11-01 00:00:00+05:30,457.0239381563187,458.04781813468816,455.4415674625382,456.37237548828125,1517892,0.0,0.0
2024-11-04 00:00:00+05:30,459.30436247116853,459.30436247116853,446.3662114156426,451.0667724609375,8754385,0.0,0.0
2024-11-05 00:00:00+05:30,449.5309522164633,451.48564009009533,443.94613393463237,446.97125244140625,7610046,0.0,0.0
2024-11-06 00:00:00+05:30,446.9712534416916,450.8806291977046,444.9234936170633,447.8089599609375,11749720,0.0,0.0
2024-11-07 00:00:00+05:30,448.4140231856805,449.29828047118207,443.1549711985074,444.8304138183594,9267980,0.0,0.0
2024-11-08 00:00:00+05:30,444.83037855513163,447.43662897936747,441.7587389122067,444.9700012207031,6325023,0.0,0.0
2024-11-11 00:00:00+05:30,444.9700163904902,448.18127880846396,441.2933647379613,443.9461364746094,5700343,0.0,0.0
2024-11-12 00:00:00+05:30,444.5511987476186,444.8769653271345,438.54751214101316,440.1298828125,5236095,0.0,0.0
2024-11-13 00:00:00+05:30,437.5236321065983,441.8518465898786,435.84818948406627,439.52484130859375,11548660,0.0,0.0
2024-11-14 00:00:00+05:30,438.5940712100893,440.22296313830753,430.2633791633469,433.70733642578125,12087836,0.0,0.0
2024-11-18 00:00:00+05:30,433.7538681362016,435.42931071742356,430.03066567791126,434.26580810546875,8448573,0.0,0.0
2024-11-19 00:00:00+05:30,435.6155089819328,440.96760360254876,433.9865875323155,435.0104675292969,7121472,0.0,0.0
2024-11-21 00:00:00+05:30,429.09984555266027,431.9387906655465,423.88734455857747,425.5162658691406,20313155,0.0,0.0
2024-11-22 00:00:00+05:30,424.631975165262,443.5272615925996,423.98041254708403,441.8052978515625,20214206,0.0,0.0
2024-11-25 00:00:00+05:30,445.85427840836786,448.83284624094614,439.7109988473268,443.8065185546875,14427013,0.0,0.0
2024-11-26 00:00:00+05:30,446.7851008259381,449.25172877480986,441.29338372266824,443.9927062988281,6791715,0.0,0.0
2024-11-27 00:00:00+05:30,444.4580764325498,446.878183051745,440.2694848220805,443.9461364746094,7339184,0.0,0.0
2024-11-28 00:00:00+05:30,443.99271290031436,450.322166155722,437.9890262279885,442.03802490234375,14967609,0.0,0.0
2024-11-29 00:00:00+05:30,440.4556457729167,445.7612189514994,439.897155069963,443.760009765625,8668142,0.0,0.0
2024-12-02 00:00:00+05:30,443.061911581005,446.1335515529355,440.6418342849228,444.1788635253906,5689595,0.0,0.0
2024-12-03 00:00:00+05:30,433.75385818828863,440.641801753041,430.72873966665543,439.8506164550781,23073942,0.0,0.0
2024-12-04 00:00:00+05:30,441.5726121335174,445.10964113217466,434.1261778472117,434.7777404785156,13957078,0.0,0.0
2024-12-05 00:00:00+05:30,435.1966056549393,440.0367598846573,430.49604459546777,435.1500549316406,27432375,0.0,0.0
2024-12-06 00:00:00+05:30,437.4770547274369,442.0845437835551,435.33622297900996,438.5474853515625,7842234,0.0,0.0
2024-12-09 00:00:00+05:30,438.8732783278562,439.3386970836674,430.9149332516241,432.7765197753906,12154116,0.0,0.0
2024-12-10 00:00:00+05:30,433.14884089608387,434.1727207984002,430.5891116404687,433.2419128417969,9163636,0.0,0.0
2024-12-11 00:00:00+05:30,434.8708208734233,435.801628864771,432.543815644967,433.0557556152344,7005617,0.0,0.0
2024-12-12 00:00:00+05:30,433.28847754716475,435.5223813153135,427.37786305689633,428.7275390625,13380617,0.0,0.0
2024-12-13 00:00:00+05:30,428.1690601754377,441.5726306530016,420.39685899742756,437.4770812988281,32976794,0.0,0.0
2024-12-16 00:00:00+05:30,437.7097825910721,441.572637375938,435.6155014062847,437.5701599121094,9354160,0.0,0.0
2024-12-17 00:00:00+05:30,437.47709558325016,442.8757409311339,431.0080195112737,437.0582275390625,20608409,0.0,0.0
2024-12-18 00:00:00+05:30,439.99023417228676,441.0141140758129,434.59155981753815,437.9424743652344,12841386,0.0,0.0
2024-12-19 00:00:00+05:30,436.5462626049631,441.52606912403894,433.10230549351394,434.26580810546875,15161531,0.0,0.0
2024-12-20 00:00:00+05:30,434.21927834206105,435.1035651496871,427.51750769365964,432.497314453125,20231570,0.0,0.0
2024-12-23 00:00:00+05:30,438.5940686151742,444.6442765268234,435.2431538258243,441.4330139160156,19562956,0.0,0.0
2024-12-24 00:00:00+05:30,442.0380117336406,447.01778878263576,439.94370111964736,445.34234619140625,12009880,0.0,0.0
2024-12-26 00:00:00+05:30,447.2970215629146,448.50707487251225,443.06187922906,443.9461364746094,9188830,0.0,0.0
2024-12-27 00:00:00+05:30,446.55242536015504,448.55366414032335,443.06191730157735,445.48199462890625,16906420,0.0,0.0
2024-12-30 00:00:00+05:30,447.48321420762863,448.1347768639311,443.0618982898495,443.9927062988281,13578360,0.0,0.0
2024-12-31 00:00:00+05:30,445.34234180784205,451.1133336206923,441.7122113126057,450.1825256347656,13787501,0.0,0.0
2025-01-01 00:00:00+05:30,452.36992927745524,453.1611146274063,448.786349339299,450.4617919921875,18931186,0.0,0.0
2025-01-02 00:00:00+05:30,451.7649051388864,456.09311958375633,448.92595990090587,455.2088623046875,27131131,0.0,0.0
2025-01-03 00:00:00+05:30,456.3258002607226,457.02391361750296,446.645462212376,448.2743835449219,38500784,0.0,0.0
2025-01-06 00:00:00+05:30,440.4058897359901,446.35078327762176,426.53445180563205,427.88775634765625,22009958,0.0,0.0
2025-01-07 00:00:00+05:30,430.6427208727847,432.6726924603659,425.4711357210362,426.38946533203125,14294780,0.0,0.0
2025-01-08 00:00:00+05:30,428.2260697173429,436.97424286310576,422.5228390228783,434.5576171875,13482926,0.0,0.0
2025-01-09 00:00:00+05:30,434.4126274415429,445.2874430291975,431.17434312214294,435.08929443359375,19732649,0.0,0.0
2025-01-10 00:00:00+05:30,434.94431534989513,436.92593666981674,427.74275879733165,430.0627136230469,9145729,0.0,0.0
2025-01-13 00:00:00+05:30,420.4928844446885,429.19273722630277,420.4928844446885,424.4078063964844,17799607,0.0,0.0
2025-01-14 00:00:00+05:30,426.29277561702855,426.77610075945154,421.3145325500375,422.0395202636719,18048459,0.0,0.0
2025-01-15 00:00:00+05:30,422.0395386220168,427.066102621971,420.8312257133989,422.7645263671875,9786805,0.0,0.0
2025-01-16 00:00:00+05:30,423.4411141911693,424.79444808982385,416.72291290775513,418.41455078125,15774070,0.0,0.0
2025-01-17 00:00:00+05:30,418.5595763145332,427.0660870817343,418.0762511686735,425.51947021484375,11270061,0.0,0.0
2025-01-20 00:00:00+05:30,424.35947781685184,426.48612025732217,421.4595269433882,423.10284423828125,8742771,0.0,0.0
2025-01-21 00:00:00+05:30,423.39282913963933,432.09268179319355,420.7345408288311,422.95782470703125,15686500,0.0,0.0
2025-01-22 00:00:00+05:30,425.2294579278358,427.2111087280882,421.99117354679964,422.4261779785156,9619648,0.0,0.0
2025-01-23 00:00:00+05:30,420.49287689797217,427.1144372962157,419.6228975353898,425.51947021484375,8888248,0.0,0.0
2025-01-24 00:00:00+05:30,424.74612978757085,430.15937728937985,424.40779628749044,426.8727722167969,9665384,0.0,0.0
2025-01-27 00:00:00+05:30,426.09942801772166,430.15937095928996,421.9911643624925,425.42279052734375,10480203,0.0,0.0
2025-01-28 00:00:00+05:30,425.32613404915026,427.06609279760266,420.00955737353587,420.9278869628906,20813072,0.0,0.0
2025-01-29 00:00:00+05:30,421.4111847122362,422.90948078709505,415.7562748977468,418.89788818359375,15158510,0.0,0.0
2025-01-30 00:00:00+05:30,418.55960015677164,423.3928518906835,417.0613039191899,421.65289306640625,22496695,0.0,0.0
2025-01-31 00:00:00+05:30,421.94286574038716,433.2526863127406,420.5895611889515,432.5760192871094,13546181,0.0,0.0
2025-02-01 00:00:00+05:30,433.05930484973186,455.775585349662,424.8910985721678,447.1240539550781,30393007,0.0,0.0
2025-02-03 00:00:00+05:30,446.59243971426656,449.68573248191484,437.21591998094135,439.19757080078125,16991730,0.0,0.0
2025-02-04 00:00:00+05:30,442.7258148273928,444.9974488165376,433.78430000828064,439.9708557128906,18923681,0.0,0.0
2025-02-05 00:00:00+05:30,439.9708671159242,440.64753410889205,431.6093481304944,433.2043151855469,12836283,0.0,0.0
2025-02-06 00:00:00+05:30,434.9926473462472,434.9926473462472,423.5861852824319,426.38946533203125,17469129,0.0,0.0
2025-02-07 00:00:00+05:30,425.32610601162634,430.64268233677166,414.1129573168095,416.48126220703125,18875982,0.0,0.0
2025-02-10 00:00:00+05:30,412.7596610777305,418.84954591665235,412.2763359476629,412.9530029296875,12227140,0.0,0.0
2025-02-11 00:00:00+05:30,414.4996202235818,416.1912581807673,403.5764840713996,404.34979248046875,14288751,0.0,0.0
2025-02-12 00:00:00+05:30,405.6753937562897,406.3136281355489,400.2258148708563,402.48419189453125,13884574,6.5,0.0
2025-02-13 00:00:00+05:30,402.5333188714483,406.46095206462076,401.60049400188456,402.287841796875,12989029,0.0,0.0
2025-02-14 00:00:00+05:30,404.30071268308313,408.6702162817502,401.01131412778494,402.8278503417969,14124236,0.0,0.0
2025-02-17 00:00:00+05:30,402.3860051226291,403.95706437920165,399.39119682530554,401.2077331542969,11975265,0.0,0.0
2025-02-18 00:00:00+05:30,400.6185827614127,403.4170273840887,396.69094959708514,397.9183349609375,12998403,0.0,0.0
2025-02-19 00:00:00+05:30,397.4764566403701,401.40408972956527,397.1818961448654,399.0475158691406,7079032,0.0,0.0
2025-02-20 00:00:00+05:30,392.71423117033765,396.5927509227199,389.03207509597695,394.7762145996094,15355585,0.0,0.0
2025-02-21 00:00:00+05:30,394.7761916445472,395.9544935060131,391.9777771631228,393.6470031738281,8240986,0.0,0.0
2025-02-24 00:00:00+05:30,392.7633170048975,396.10179920634647,391.53593163925717,394.6289367675781,7037625,0.0,0.0
2025-02-25 00:00:00+05:30,394.7271291352976,399.63667054245303,393.25426671315097,397.52557373046875,15760891,0.0,0.0
2025-02-27 00:00:00+05:30,397.525552328783,399.1456949128277,392.2723373128528,394.3343505859375,19051003,0.0,0.0
2025-02-28 00:00:00+05:30,391.7813927759098,395.218071659909,385.1044286446103,387.853759765625,31954776,0.0,0.0
2025-03-03 00:00:00+05:30,388.7865980194929,391.78140630708367,384.12253365869424,390.25946044921875,10702826,0.0,0.0
2025-03-04 00:00:00+05:30,388.2465194896839,390.01397233458835,385.7426654162302,387.70648193359375,13404774,0.0,0.0
2025-03-05 00:00:00+05:30,387.3628037989018,405.2826293231856,387.3628037989018,397.721923828125,15665018,0.0,0.0
2025-03-06 00:00:00+05:30,401.747764542559,402.28783207284374,393.3033473882626,398.3601989746094,17869996,0.0,0.0
2025-03-07 00:00:00+05:30,396.2490690334906,398.50747602613745,394.432562712498,396.5927429199219,11180761,0.0,0.0
2025-03-10 00:00:00+05:30,393.7943018882363,399.489387865199,393.1560675022779,397.6728515625,9785018,0.0,0.0
2025-03-11 00:00:00+05:30,394.23615458392493,401.01131538193874,393.94159410093084,398.85113525390625,11099475,0.0,0.0
2025-03-12 00:00:00+05:30,399.0475152195476,405.8226762942879,396.69094136295917,404.93896484375,13844306,0.0,0.0
2025-03-13 00:00:00+05:30,405.5281006874954,406.90276622215737,400.8149531499511,404.59527587890625,8196569,0.0,0.0
2025-03-17 00:00:00+05:30,405.5281132753817,408.719315135297,399.63666368784595,400.5694885253906,5257805,0.0,0.0
2025-03-18 00:00:00+05:30,402.5823808619056,404.4971139277993,400.37308730839516,401.69866943359375,13861897,0.0,0.0
2025-03-19 00:00:00+05:30,402.5823921632704,403.31882336844717,395.3162769319527,395.75811767578125,12830387,0.0,0.0
2025-03-20 00:00:00+05:30,397.6728373693795,399.2929799729773,394.62891583099076,396.641845703125,16994037,0.0,0.0
2025-03-21 00:00:00+05:30,398.60567790903195,400.12762375553666,394.4325677226245,398.212890625,25302035,0.0,0.0
2025-03-24 00:00:00+05:30,399.6366587789359,405.38082804931764,398.2619932184889,403.4660949707031,14362572,0.0,0.0
2025-03-25 00:00:00+05:30,404.5461964506968,407.73739824308706,401.3059112323006,402.385986328125,20338110,0.0,0.0
2025-03-26 00:00:00+05:30,402.8769581468943,403.76069957751406,398.90024157095667,399.9803466796875,13891436,0.0,0.0
2025-03-27 00:00:00+05:30,400.6185794021223,403.2697437519979,398.3110889443362,402.0423583984375,18642328,0.0,0.0
2025-03-28 00:00:00+05:30,403.46610258111434,408.08108344123156,400.7658548357284,402.3369140625,12981873,0.0,0.0
2025-04-01 00:00:00+05:30,402.38600438126315,406.90278849853894,398.2620075515041,399.2929992675781,15206240,0.0,0.0
2025-04-02 00:00:00+05:30,399.685750106513,402.5823914949175,398.7038418345742,401.6495666503906,8001323,0.0,0.0
2025-04-03 00:00:00+05:30,399.68573475414075,402.7787696643111,399.34209084453187,401.99322509765625,7059566,0.0,0.0
2025-04-04 00:00:00+05:30,400.12763155444486,405.3317335492131,397.1819066595655,402.287841796875,18627592,0.0,0.0
2025-04-07 00:00:00+05:30,383.09149195819776,400.71675676567065,383.09149195819776,398.7038269042969,26762866,0.0,0.0
2025-04-08 00:00:00+05:30,404.4480082967242,408.2774445365288,399.88214085828554,405.08624267578125,18600796,0.0,0.0
2025-04-09 00:00:00+05:30,405.52811678460984,411.4686498505965,403.8097773067089,408.7684020996094,21785572,0.0,0.0
2025-04-11 00:00:00+05:30,412.40145511407445,414.8071422550909,409.4557304346882,413.92340087890625,8939356,0.0,0.0
2025-04-15 00:00:00+05:30,421.4350305010776,421.4350305010776,411.4195544215754,412.7942199707031,11685880,0.0,0.0
2025-04-16 00:00:00+05:30,410.4376454249374,418.3419947920321,410.4376454249374,416.7709655761719,13034594,0.0,0.0
2025-04-17 00:00:00+05:30,417.3110006565654,420.10944512464874,413.92340525328643,419.5202941894531,22410217,0.0,0.0
2025-04-21 00:00:00+05:30,420.3058257121206,421.336847381582,413.87433848811077,415.1999206542969,27388236,0.0,0.0
2025-04-22 00:00:00+05:30,418.24383985184426,426.9337040743589,415.88723603001415,425.75543212890625,32031936,0.0,0.0
2025-04-23 00:00:00+05:30,428.3083909152653,429.53577622856506,421.0913592799704,423.05517578125,19566317,0.0,0.0
2025-04-24 00:00:00+05:30,424.0370755980093,428.16107218939527,421.53319162940176,422.2696228027344,26064089,0.0,0.0
2025-04-25 00:00:00+05:30,422.2696267928269,424.87170760222523,415.6417461702055,420.0603332519531,22944377,0.0,0.0
2025-04-28 00:00:00+05:30,418.9311396302756,422.71149230249586,417.06551998951244,421.042236328125,6287095,0.0,0.0
2025-04-29 00:00:00+05:30,421.14043560056143,421.82778335059663,417.31099948077133,418.29290771484375,11189930,0.0,0.0
2025-04-30 00:00:00+05:30,419.6675863161336,421.5332060258665,414.3652876801437,418.0965270996094,10026546,0.0,0.0
2025-05-02 00:00:00+05:30,416.42728530446215,423.69340019536935,416.42728530446215,421.7295837402344,9263372,0.0,0.0
2025-05-05 00:00:00+05:30,422.4660329307672,430.56677615372786,421.5823214813549,429.0448303222656,11525305,0.0,0.0
2025-05-06 00:00:00+05:30,429.5848686129065,431.69596540271175,425.16628139288804,427.6701354980469,15026568,0.0,0.0
2025-05-07 00:00:00+05:30,425.5590249840726,427.13008416028316,421.9259824773884,423.3497314453125,9710361,0.0,0.0
2025-05-08 00:00:00+05:30,421.2386332122387,423.6934038020536,415.88722134025767,422.8096923828125,19937960,0.0,0.0
2025-05-09 00:00:00+05:30,418.24384137926455,421.38592987740896,415.34719998420627,415.8872375488281,8226512,0.0,0.0
2025-05-12 00:00:00+05:30,421.7296134519522,428.3084110263286,420.40403125825395,427.6210632324219,8031891,0.0,0.0
2025-05-13 00:00:00+05:30,427.0318966442069,430.026734819032,417.654684739414,420.1585388183594,14976369,0.0,0.0
2025-05-14 00:00:00+05:30,419.3730364482981,424.0371008235316,418.1947345146855,421.33685302734375,9557309,0.0,0.0
2025-05-15 00:00:00+05:30,421.3368389928473,427.52284902460343,418.2929174036252,424.8226013183594,24263510,0.0,0.0
2025-05-16 00:00:00+05:30,427.03189925490824,428.3083979810754,424.2825680939457,427.81744384765625,16402035,0.0,0.0
2025-05-19 00:00:00+05:30,427.1300810084491,430.56675982116076,424.822590669679,427.4737548828125,7543854,0.0,0.0
2025-05-20 00:00:00+05:30,429.09390418210114,432.82514353663043,425.068074374028,427.0318908691406,9868414,0.0,0.0
2025-05-21 00:00:00+05:30,428.70116612622536,430.27222538595333,424.184381991556,425.1662902832031,5776672,0.0,0.0
2025-05-22 00:00:00+05:30,425.1662742449478,425.1662742449478,415.248994880322,418.39111328125,19451749,0.0,0.0
2025-05-23 00:00:00+05:30,426.14817819915925,431.05771942265187,421.2386369756667,428.40655517578125,18536884,0.0,0.0
2025-05-26 00:00:00+05:30,430.32130894917486,435.5254109103499,428.8484465112427,434.8871765136719,13107662,0.0,0.0
2025-05-27 00:00:00+05:30,434.8871621282408,436.1636608448351,423.0551795877558,426.04998779296875,26986022,0.0,0.0
2025-05-28 00:00:00+05:30,417.70001220703125,422.6000061035156,413.0,420.20001220703125,431851622,7.85,0.0
2025-05-29 00:00:00+05:30,422.0,422.79998779296875,416.6000061035156,418.75,21478547,0.0,0.0
2025-05-30 00:00:00+05:30,419.1000061035156,420.04998779296875,416.3999938964844,418.04998779296875,30656239,0.0,0.0
2025-06-02 00:00:00+05:30,418.29998779296875,420.45001220703125,414.54998779296875,419.29998779296875,14973380,0.0,0.0
2025-06-03 00:00:00+05:30,419.0,421.70001220703125,415.6499938964844,416.95001220703125,13216486,0.0,0.0
2025-06-04 00:00:00+05:30,417.1499938964844,419.0,415.95001220703125,417.0,12598933,0.0,0.0
2025-06-05 00:00:00+05:30,418.5,420.95001220703125,415.75,419.1000061035156,13212523,0.0,0.0
2025-06-06 00:00:00+05:30,420.29998779296875,421.29998779296875,419.0,421.04998779296875,8774988,0.0,0.0
2025-06-09 00:00:00+05:30,422.0,423.6000061035156,420.5,423.04998779296875,10473123,0.0,0.0
2025-06-10 00:00:00+05:30,424.5,428.54998779296875,423.04998779296875,427.0,13041075,0.0,0.0
2025-06-11 00:00:00+05:30,428.0,428.1000061035156,424.8500061035156,426.1499938964844,20789182,0.0,0.0
2025-06-12 00:00:00+05:30,427.0,427.20001220703125,419.54998779296875,421.0,18508835,0.0,0.0
2025-06-13 00:00:00+05:30,415.0,419.3500061035156,413.5,413.8999938964844,17873926,0.0,0.0
2025-06-16 00:00:00+05:30,414.95001220703125,418.8999938964844,413.25,418.20001220703125,7006629,0.0,0.0
2025-06-17 00:00:00+05:30,418.1000061035156,419.04998779296875,415.70001220703125,417.3999938964844,9028406,0.0,0.0
2025-06-18 00:00:00+05:30,417.0,418.45001220703125,414.8999938964844,415.8999938964844,8036215,0.0,0.0
2025-06-19 00:00:00+05:30,415.6499938964844,418.25,414.79998779296875,416.0,12601006,0.0,0.0
2025-06-20 00:00:00+05:30,416.0,419.5,416.0,418.54998779296875,13203184,0.0,0.0
2025-06-23 00:00:00+05:30,417.0,417.5,411.75,413.8999938964844,14839890,0.0,0.0
2025-06-24 00:00:00+05:30,416.8999938964844,420.6499938964844,413.75,414.3500061035156,16690068,0.0,0.0
2025-06-25 00:00:00+05:30,416.3999938964844,418.1499938964844,415.1000061035156,416.3500061035156,9946718,0.0,0.0
2025-06-26 00:00:00+05:30,417.20001220703125,420.8999938964844,416.25,420.29998779296875,13703918,0.0,0.0
2025-06-27 00:00:00+05:30,421.0,422.0,417.79998779296875,418.6499938964844,21409935,0.0,0.0
2025-06-30 00:00:00+05:30,419.79998779296875,420.75,415.79998779296875,416.45001220703125,12317124,0.0,0.0
2025-07-01 00:00:00+05:30,417.0,418.8500061035156,414.8999938964844,415.1000061035156,13670465,0.0,0.0
2025-07-02 00:00:00+05:30,416.8999938964844,416.8999938964844,411.70001220703125,412.95001220703125,15990899,0.0,0.0
2025-07-03 00:00:00+05:30,414.0,416.0,411.25,413.3500061035156,14185298,0.0,0.0
2025-07-04 00:00:00+05:30,414.8999938964844,415.0,411.75,412.54998779296875,8256733,0.0,0.0
2025-07-07 00:00:00+05:30,413.0,417.20001220703125,412.0,416.1499938964844,6845218,0.0,0.0
2025-07-08 00:00:00+05:30,416.1499938964844,418.1000061035156,414.6499938964844,417.20001220703125,6807192,0.0,0.0
2025-07-09 00:00:00+05:30,416.20001220703125,420.29998779296875,415.45001220703125,419.45001220703125,9930533,0.0,0.0
2025-07-10 00:00:00+05:30,420.29998779296875,420.29998779296875,416.3999938964844,416.8500061035156,6220360,0.0,0.0
2025-07-11 00:00:00+05:30,417.0,418.04998779296875,415.5,416.79998779296875,8578844,0.0,0.0
2025-07-14 00:00:00+05:30,417.04998779296875,419.95001220703125,416.54998779296875,419.3999938964844,6896989,0.0,0.0
2025-07-15 00:00:00+05:30,420.8999938964844,422.3999938964844,419.0,422.1000061035156,8532755,0.0,0.0
2025-07-16 00:00:00+05:30,422.1000061035156,425.45001220703125,420.29998779296875,424.6000061035156,9780773,0.0,0.0
2025-07-17 00:00:00+05:30,425.79998779296875,425.8999938964844,423.0,423.95001220703125,7240795,0.0,0.0
2025-07-18 00:00:00+05:30,425.20001220703125,425.20001220703125,420.1000061035156,422.75,6730256,0.0,0.0
2025-07-21 00:00:00+05:30,422.0,422.75,418.3999938964844,420.1000061035156,4822343,0.0,0.0
2025-07-22 00:00:00+05:30,420.1000061035156,420.3999938964844,415.20001220703125,416.0,9869507,0.0,0.0
2025-07-23 00:00:00+05:30,417.1000061035156,417.8999938964844,414.0,414.95001220703125,12196187,0.0,0.0
2025-07-24 00:00:00+05:30,415.8500061035156,415.8500061035156,409.45001220703125,409.95001220703125,9005157,0.0,0.0
2025-07-25 00:00:00+05:30,410.0,410.25,407.75,409.3999938964844,5824089,0.0,0.0
2025-07-28 00:00:00+05:30,410.79998779296875,410.8500061035156,408.6000061035156,409.8999938964844,8123337,0.0,0.0
2025-07-29 00:00:00+05:30,410.0,411.3999938964844,408.0,408.45001220703125,6811772,0.0,0.0
2025-07-30 00:00:00+05:30,409.0,409.29998779296875,405.75,407.6000061035156,10915863,0.0,0.0
2025-07-31 00:00:00+05:30,405.95001220703125,414.0,405.54998779296875,411.95001220703125,19364174,0.0,0.0
2025-08-01 00:00:00+05:30,412.3999938964844,419.3500061035156,411.79998779296875,416.45001220703125,14324065,0.0,0.0
2025-08-04 00:00:00+05:30,420.20001220703125,422.5,415.1000061035156,416.8500061035156,18352458,0.0,0.0
2025-08-05 00:00:00+05:30,417.20001220703125,417.95001220703125,413.0,414.1499938964844,8495104,0.0,0.0
2025-08-06 00:00:00+05:30,414.1499938964844,415.0,410.5,412.0,9080543,0.0,0.0
2025-08-07 00:00:00+05:30,412.0,414.75,411.6499938964844,413.6000061035156,11514878,0.0,0.0
2025-08-08 00:00:00+05:30,413.8999938964844,415.3500061035156,412.95001220703125,414.5,9814361,0.0,0.0
2025-08-11 00:00:00+05:30,414.5,417.0,414.0,416.8500061035156,8514272,0.0,0.0
2025-08-12 00:00:00+05:30,417.0,419.79998779296875,415.29998779296875,416.3500061035156,13635738,0.0,0.0
2025-08-13 00:00:00+05:30,417.20001220703125,417.5,413.6000061035156,414.1000061035156,10874910,0.0,0.0
2025-08-14 00:00:00+05:30,414.25,415.04998779296875,411.0,411.45001220703125,9580361,0.0,0.0
2025-08-18 00:00:00+05:30,413.0,413.70001220703125,404.8500061035156,406.29998779296875,30950814,0.0,0.0
2025-08-19 00:00:00+05:30,406.3500061035156,409.3999938964844,404.5,409.1000061035156,16681331,0.0,0.0
2025-08-20 00:00:00+05:30,409.1000061035156,410.25,405.45001220703125,406.04998779296875,18188129,0.0,0.0
2025-08-21 00:00:00+05:30,406.04998779296875,406.8500061035156,403.3500061035156,405.54998779296875,15028966,0.0,0.0
2025-08-22 00:00:00+05:30,406.0,406.5,397.5,398.29998779296875,13087624,0.0,0.0
2025-08-25 00:00:00+05:30,399.0,400.54998779296875,396.25,399.3500061035156,10440286,0.0,0.0
2025-08-26 00:00:00+05:30,399.29998779296875,405.3999938964844,398.3999938964844,403.3500061035156,13715752,0.0,0.0
2025-08-28 00:00:00+05:30,404.5,404.5,400.0,400.8999938964844,12471719,0.0,0.0
2025-08-29 00:00:00+05:30,402.0,410.45001220703125,401.8999938964844,409.75,25255050,0.0,0.0
2025-09-01 00:00:00+05:30,409.75,410.20001220703125,405.0,405.8500061035156,12268090,0.0,0.0
2025-09-02 00:00:00+05:30,406.54998779296875,407.8500061035156,404.45001220703125,406.75,19808255,0.0,0.0
2025-09-03 00:00:00+05:30,408.5,413.25,407.29998779296875,411.75,12936588,0.0,0.0
2025-09-04 00:00:00+05:30,423.95001220703125,427.0,415.0,415.8999938964844,27274123,0.0,0.0
2025-09-05 00:00:00+05:30,416.8999938964844,417.0,404.3999938964844,407.3500061035156,16000675,0.0,0.0
2025-09-08 00:00:00+05:30,407.45001220703125,410.54998779296875,406.79998779296875,407.54998779296875,7419022,0.0,0.0
2025-09-09 00:00:00+05:30,408.5,410.95001220703125,407.3999938964844,410.04998779296875,8825896,0.0,0.0
2025-09-10 00:00:00+05:30,411.0,413.70001220703125,408.95001220703125,413.04998779296875,9252397,0.0,0.0
2025-09-11 00:00:00+05:30,413.04998779296875,416.70001220703125,412.45001220703125,415.04998779296875,8274406,0.0,0.0
2025-09-12 00:00:00+05:30,415.3500061035156,417.04998779296875,412.8500061035156,413.75,7803379,0.0,0.0
2025-09-15 00:00:00+05:30,413.04998779296875,414.29998779296875,411.75,412.6499938964844,5707331,0.0,0.0
2025-09-16 00:00:00+05:30,413.20001220703125,414.3500061035156,412.0,413.1000061035156,8239087,0.0,0.0
2025-09-17 00:00:00+05:30,413.95001220703125,414.6000061035156,408.04998779296875,409.29998779296875,14113882,0.0,0.0
2025-09-18 00:00:00+05:30,411.3500061035156,413.04998779296875,410.1000061035156,411.54998779296875,15647808,0.0,0.0
2025-09-19 00:00:00+05:30,411.54998779296875,412.6000061035156,408.95001220703125,410.6499938964844,19505321,0.0,0.0
2025-09-22 00:00:00+05:30,410.6499938964844,411.0,406.04998779296875,406.95001220703125,8930779,0.0,0.0
2025-09-23 00:00:00+05:30,407.1000061035156,408.1000061035156,402.1000061035156,403.20001220703125,14936357,0.0,0.0
2025-09-24 00:00:00+05:30,403.20001220703125,404.6499938964844,400.70001220703125,401.0,12380865,0.0,0.0
2025-09-25 00:00:00+05:30,401.45001220703125,403.0,398.0,400.1000061035156,22006368,0.0,0.0
2025-09-26 00:00:00+05:30,400.1000061035156,405.8999938964844,399.79998779296875,405.1000061035156,14414044,0.0,0.0
2025-09-29 00:00:00+05:30,406.8999938964844,408.0,403.20001220703125,407.25,19717660,0.0,0.0
2025-09-30 00:00:00+05:30,406.75,406.75,400.3999938964844,401.54998779296875,9465490,0.0,0.0
2025-10-01 00:00:00+05:30,402.3500061035156,406.0,399.75,405.6000061035156,17643039,0.0,0.0
2025-10-03 00:00:00+05:30,404.8999938964844,405.5,402.29998779296875,404.29998779296875,16987141,0.0,0.0
2025-10-06 00:00:00+05:30,403.0,403.8999938964844,399.79998779296875,400.75,13989077,0.0,0.0
2025-10-07 00:00:00+05:30,402.5,402.6000061035156,399.5,399.79998779296875,12298968,0.0,0.0
2025-10-08 00:00:00+05:30,400.0,401.75,398.0,399.75,8402463,0.0,0.0
2025-10-09 00:00:00+05:30,399.0,401.3999938964844,398.95001220703125,399.8999938964844,15656267,0.0,0.0
2025-10-10 00:00:00+05:30,400.45001220703125,403.8500061035156,399.5,402.79998779296875,15085738,0.0,0.0
2025-10-13 00:00:00+05:30,400.0,400.95001220703125,398.54998779296875,399.25,9508594,0.0,0.0
2025-10-14 00:00:00+05:30,400.0,400.8500061035156,396.20001220703125,396.79998779296875,10291102,0.0,0.0
2025-10-15 00:00:00+05:30,398.0,400.8500061035156,397.25,399.8999938964844,16043867,0.0,0.0
2025-10-16 00:00:00+05:30,401.0,406.0,399.54998779296875,405.1499938964844,22962049,0.0,0.0
2025-10-17 00:00:00+05:30,405.3500061035156,413.8500061035156,405.25,412.1499938964844,21071344,0.0,0.0
2025-10-20 00:00:00+05:30,412.54998779296875,414.8500061035156,411.29998779296875,413.04998779296875,13083621,0.0,0.0
2025-10-21 00:00:00+05:30,413.5,413.95001220703125,412.3500061035156,412.8500061035156,1142130,0.0,0.0
2025-10-23 00:00:00+05:30,416.0,420.45001220703125,413.54998779296875,415.95001220703125,24305990,0.0,0.0
2025-10-24 00:00:00+05:30,415.95001220703125,417.95001220703125,413.45001220703125,416.79998779296875,14935678,0.0,0.0
2025-10-27 00:00:00+05:30,417.0,422.70001220703125,416.6000061035156,420.6499938964844,11603679,0.0,0.0
2025-10-28 00:00:00+05:30,420.5,421.6499938964844,415.8999938964844,417.8999938964844,17163147,0.0,0.0
2025-10-29 00:00:00+05:30,418.20001220703125,422.20001220703125,416.04998779296875,421.6000061035156,11470661,0.0,0.0
2025-10-30 00:00:00+05:30,421.6000061035156,421.70001220703125,416.1499938964844,418.75,12938674,0.0,0.0
2025-10-31 00:00:00+05:30,420.5,426.3999938964844,418.20001220703125,420.3500061035156,18599864,0.0,0.0
2025-11-03 00:00:00+05:30,419.95001220703125,421.6499938964844,413.29998779296875,413.95001220703125,7635440,0.0,0.0
2025-11-04 00:00:00+05:30,414.0,414.5,408.3500061035156,408.8999938964844,10085404,0.0,0.0
2025-11-06 00:00:00+05:30,410.0,413.29998779296875,406.54998779296875,407.5,10095563,0.0,0.0
2025-11-07 00:00:00+05:30,406.04998779296875,409.1000061035156,403.1000061035156,404.04998779296875,8411611,0.0,0.0
2025-11-10 00:00:00+05:30,404.04998779296875,407.1000061035156,403.6499938964844,405.54998779296875,6650003,0.0,0.0
2025-11-11 00:00:00+05:30,406.0,408.04998779296875,404.6000061035156,406.8500061035156,12005318,0.0,0.0
2025-11-12 00:00:00+05:30,408.0,408.1000061035156,405.54998779296875,407.0,7987236,0.0,0.0
2025-11-13 00:00:00+05:30,407.0,407.5,404.5,405.70001220703125,6617185,0.0,0.0
2025-11-14 00:00:00+05:30,404.70001220703125,408.75,400.1000061035156,408.1499938964844,64020258,0.0,0.0
2025-11-17 00:00:00+05:30,409.75,412.0,406.0,407.1000061035156,7855399,0.0,0.0
2025-11-18 00:00:00+05:30,408.25,409.79998779296875,404.54998779296875,405.8500061035156,7661681,0.0,0.0
2025-11-19 00:00:00+05:30,404.8500061035156,405.54998779296875,402.79998779296875,403.54998779296875,7882450,0.0,0.0
2025-11-20 00:00:00+05:30,403.54998779296875,407.0,403.25,405.45001220703125,6693410,0.0,0.0
2025-11-21 00:00:00+05:30,405.0,408.5,404.70001220703125,407.8500061035156,5808131,0.0,0.0
2025-11-24 00:00:00+05:30,408.3999938964844,408.79998779296875,402.8500061035156,403.54998779296875,11037491,0.0,0.0
2025-11-25 00:00:00+05:30,403.54998779296875,404.5,400.1000061035156,400.79998779296875,8199785,0.0,0.0
2025-11-26 00:00:00+05:30,401.0,403.95001220703125,400.95001220703125,402.29998779296875,11443953,0.0,0.0
2025-11-27 00:00:00+05:30,403.5,405.95001220703125,402.1000061035156,404.29998779296875,8679529,0.0,0.0
2025-11-28 00:00:00+05:30,404.29998779296875,405.0,402.5,404.25,6883500,0.0,0.0
2025-12-01 00:00:00+05:30,402.79998779296875,405.5,398.20001220703125,404.25,13442658,0.0,0.0
2025-12-02 00:00:00+05:30,404.25,405.5,400.5,400.95001220703125,8093808,0.0,0.0
2025-12-03 00:00:00+05:30,401.70001220703125,402.20001220703125,398.8500061035156,400.5,10772192,0.0,0.0
2025-12-04 00:00:00+05:30,400.1000061035156,403.54998779296875,399.04998779296875,403.04998779296875,8057989,0.0,0.0
2025-12-05 00:00:00+05:30,403.04998779296875,405.3500061035156,402.0,404.95001220703125,4419747,0.0,0.0
2025-12-08 00:00:00+05:30,404.95001220703125,405.25,400.54998779296875,402.29998779296875,6056866,0.0,0.0
2025-12-09 00:00:00+05:30,402.0,404.5,400.0,401.04998779296875,9426717,0.0,0.0
2025-12-10 00:00:00+05:30,401.1000061035156,404.3999938964844,401.0,403.1499938964844,6969146,0.0,0.0
2025-12-11 00:00:00+05:30,403.1499938964844,404.0,401.1000061035156,402.8999938964844,6980147,0.0,0.0
2025-12-12 00:00:00+05:30,402.8999938964844,404.0,399.8500061035156,400.1000061035156,12407516,0.0,0.0
2025-12-15 00:00:00+05:30,400.1000061035156,403.3500061035156,399.5,402.29998779296875,7756564,0.0,0.0
2025-12-16 00:00:00+05:30,401.3999938964844,405.75,401.04998779296875,401.70001220703125,12347384,0.0,0.0
2025-12-17 00:00:00+05:30,401.0,403.1000061035156,399.1000061035156,399.79998779296875,8087490,0.0,0.0
2025-12-18 00:00:00+05:30,400.0,401.95001220703125,399.8500061035156,400.3999938964844,7227668,0.0,0.0
2025-12-19 00:00:00+05:30,400.25,402.6499938964844,400.25,401.04998779296875,10654835,0.0,0.0
2025-12-22 00:00:00+05:30,401.6000061035156,403.6499938964844,401.20001220703125,402.70001220703125,6847871,0.0,0.0
2025-12-23 00:00:00+05:30,402.5,408.8999938964844,401.79998779296875,407.3500061035156,10081997,0.0,0.0
2025-12-24 00:00:00+05:30,407.95001220703125,409.5,405.6499938964844,406.6000061035156,5777430,0.0,0.0
2025-12-26 00:00:00+05:30,406.5,407.1499938964844,403.8500061035156,404.1499938964844,3152453,0.0,0.0
2025-12-29 00:00:00+05:30,404.1000061035156,404.79998779296875,401.45001220703125,402.6000061035156,6647710,0.0,0.0
2025-12-30 00:00:00+05:30,403.0,403.45001220703125,400.29998779296875,400.6000061035156,12340527,0.0,0.0
2025-12-31 00:00:00+05:30,401.1000061035156,403.75,400.8500061035156,403.0,9945109,0.0,0.0
2026-01-01 00:00:00+05:30,402.70001220703125,402.70001220703125,362.70001220703125,363.8500061035156,282626710,0.0,0.0
2026-01-02 00:00:00+05:30,360.0,360.0,345.25,350.04998779296875,118790358,0.0,0.0
2026-01-05 00:00:00+05:30,350.20001220703125,353.95001220703125,346.04998779296875,349.70001220703125,48358124,0.0,0.0
2026-01-06 00:00:00+05:30,350.25,350.70001220703125,337.75,342.45001220703125,72582738,0.0,0.0
2026-01-07 00:00:00+05:30,343.0,344.54998779296875,339.29998779296875,341.25,29440734,0.0,0.0
2026-01-08 00:00:00+05:30,341.5,345.1499938964844,339.04998779296875,340.8999938964844,36706319,0.0,0.0
2026-01-09 00:00:00+05:30,340.8999938964844,341.0,336.1000061035156,337.1499938964844,35193201,0.0,0.0
2026-01-12 00:00:00+05:30,338.25,339.5,335.79998779296875,338.3999938964844,16156143,0.0,0.0
2026-01-13 00:00:00+05:30,339.0,339.5,333.70001220703125,334.70001220703125,24922339,0.0,0.0
2026-01-14 00:00:00+05:30,336.0,336.0,333.45001220703125,334.75,14913422,0.0,0.0
2026-01-15 00:00:00+05:30,334.75,334.75,334.75,334.75,0,0.0,0.0
2026-01-16 00:00:00+05:30,337.5,337.5,328.54998779296875,329.20001220703125,30526898,0.0,0.0
2026-01-19 00:00:00+05:30,330.0,334.6499938964844,327.29998779296875,333.20001220703125,15507440,0.0,0.0
2026-01-20 00:00:00+05:30,334.04998779296875,334.5,325.5,326.29998779296875,18771011,0.0,0.0
2026-01-21 00:00:00+05:30,326.0,329.29998779296875,324.3500061035156,324.75,14177965,0.0,0.0
2026-01-22 00:00:00+05:30,326.1000061035156,328.70001220703125,321.04998779296875,324.8500061035156,18622852,0.0,0.0
2026-01-23 00:00:00+05:30,325.54998779296875,326.3999938964844,322.70001220703125,323.3999938964844,11950089,0.0,0.0
2026-01-27 00:00:00+05:30,323.6000061035156,324.70001220703125,317.8500061035156,318.6499938964844,47847784,0.0,0.0
2026-01-28 00:00:00+05:30,319.95001220703125,323.70001220703125,319.3500061035156,321.1499938964844,28396002,0.0,0.0
